class,name,nickname,category,subcategory,project,project_dir,source,guid,kind,exposure,obsolete,current_icon,icon_holder,object,op,plural,container,glyph_origin,badge_origin,rule,note,icon_id,resource,icon_file,status
SAMAnalyticalApertureRevit,SAMAnalytical.ApertureRevit,SAMAnalytical.ApertureRevit,SAM,Revit,SAM.Analytical.Grasshopper.Revit,Grasshopper/SAM.Analytical.Grasshopper.Revit,Grasshopper/SAM.Analytical.Grasshopper.Revit/Component/SAMAnalyticalApertureRevit.cs,5c1fbd67-9406-4872-b679-49faa4d1132b,component,,False,SAM_Revit,Resources,aperture,export,False,,SAM,SAM,override,,aperture_export,SAM_GH_ApertureExport,svg/aperture_export.svg,integrated
SAMAdjacencyClusterRevit,SAMAdjacencyCluster.Revit,SAMAdjacencyCluster.Revit,SAM WIP,Revit,SAM.Analytical.Grasshopper.Revit,Grasshopper/SAM.Analytical.Grasshopper.Revit,Grasshopper/SAM.Analytical.Grasshopper.Revit/Component/SAMAdjacencyClusterRevit.cs,54287c2b-9aaf-478d-ac32-4d258aec2548,component,,False,SAM_Revit,Resources,cluster,export,False,,SAM,SAM,override,,cluster_export,SAM_GH_ClusterExport,svg/cluster_export.svg,integrated
SAMAnalyticalUpdateConstructionsByExcel,SAMAnalytical.UpdateConstructionByExcel,SAManalytical.UpdateConstructionByExcel,SAM,Revit,SAM.Analytical.Grasshopper.Revit,Grasshopper/SAM.Analytical.Grasshopper.Revit,Grasshopper/SAM.Analytical.Grasshopper.Revit/Component/SAMAnalyticalUpdateConstructionsByExcel.cs,e90c2e37-a316-4b88-97b1-a10e794cd46e,component,,False,SAM_Revit,Resources,construction,update,False,,SAM,SAM,rule,,construction_update,SAM_GH_ConstructionUpdate,svg/construction_update.svg,integrated
RevitSetUpperLimit,Revit.SetUpperLimit,Revit.SetUpperLimit,SAM,Revit,SAM.Analytical.Grasshopper.Revit,Grasshopper/SAM.Analytical.Grasshopper.Revit,Grasshopper/SAM.Analytical.Grasshopper.Revit/Component/RevitSetUpperLimit.cs,2e88344e-24d3-4300-828b-8d128d5d25ec,component,,False,SAM_Revit,Resources,level,set,False,,SAM,SAM,override,upper limit of a space or wall,level_set,SAM_GH_LevelSet,svg/level_set.svg,integrated
SAMAnalyticalCreateMaterialLibrary,SAMAnalytical.CreateMaterialLibrary,SAMAnalytical.CreateMaterialLibrary,SAM,Analytical,SAM.Analytical.Grasshopper.Revit,Grasshopper/SAM.Analytical.Grasshopper.Revit,Grasshopper/SAM.Analytical.Grasshopper.Revit/Component/SAMAnalyticalCreateMaterialLibrary.cs,f836f629-b8fb-41a8-9611-6783933ad6b2,component,,False,SAM_Revit,Resources,material,create,False,library,SAM,SAM,rule,,material_library_create,SAM_GH_MaterialLibraryCreate,svg/material_library_create.svg,integrated
RevitMaterialLibrary,Revit.MaterialLibrary,Revit.MaterialLibrary,SAM,Revit,SAM.Analytical.Grasshopper.Revit,Grasshopper/SAM.Analytical.Grasshopper.Revit,Grasshopper/SAM.Analytical.Grasshopper.Revit/Component/RevitMaterialLibrary.cs,6c4f99f6-5f52-491d-823e-171a66c0d40c,component,,False,SAM_Revit,Resources,material,get,False,library,SAM,SAM,override,,material_library_get,SAM_GH_MaterialLibraryGet,svg/material_library_get.svg,integrated
RevitSAMAnalyticalModel,Revit.SAMAnalyticalModel,Revit.SAMAnalyticalModel,SAM,Revit,SAM.Analytical.Grasshopper.Revit,Grasshopper/SAM.Analytical.Grasshopper.Revit,Grasshopper/SAM.Analytical.Grasshopper.Revit/Component/RevitSAMAnalyticalModel.cs,fba18b3c-3778-44aa-8ea5-4cc4a783cc07,component,,False,SAM_Revit,Resources,model,import,False,,SAM,SAM,override,,model_import,SAM_GH_ModelImport,svg/model_import.svg,integrated
SAMAnalyticalRevitCheck,SAMAnalytical.RevitCheck,SAMAnalytical.RevitCheck,SAM,Revit,SAM.Analytical.Grasshopper.Revit,Grasshopper/SAM.Analytical.Grasshopper.Revit,Grasshopper/SAM.Analytical.Grasshopper.Revit/Component/SAMAnalyticalRevitCheck.cs,34a6666d-9e18-4cf3-bc78-11b954675127,component,,False,SAM_Revit,Resources,model,validate,False,,SAM,SAM,override,,model_validate,SAM_GH_ModelValidate,svg/model_validate.svg,integrated
SAMAnalyticalRevit,SAMAnalytical.Revit,SAMAnalytical.Revit,SAM,Revit,SAM.Analytical.Grasshopper.Revit,Grasshopper/SAM.Analytical.Grasshopper.Revit,Grasshopper/SAM.Analytical.Grasshopper.Revit/Component/SAMAnalyticalRevit.cs,f60b6d3c-9af8-41a2-8c54-f26d82d55078,component,,False,SAM_Revit,Resources,object,export,False,,SAM,SAM,override,,object_export,SAM_GH_ObjectExport,svg/object_export.svg,integrated
RevitSAMAnalyticalByElement,Revit.SAMAnalyticalByElement,Revit.SAMAnalyticalByElement,SAM,Revit,SAM.Analytical.Grasshopper.Revit,Grasshopper/SAM.Analytical.Grasshopper.Revit,Grasshopper/SAM.Analytical.Grasshopper.Revit/Component/RevitSAMAnalyticalByElement.cs,9b809657-8de3-466e-b814-973b0677a37a,component,,False,SAM_Revit,Resources,object,import,False,,SAM,SAM,override,,object_import,SAM_GH_ObjectImport,svg/object_import.svg,integrated
RevitSAMAnalyticalByType,Revit.SAMAnalyticalByType,Revit.SAMAnalyticalByType,SAM,Revit,SAM.Analytical.Grasshopper.Revit,Grasshopper/SAM.Analytical.Grasshopper.Revit,Grasshopper/SAM.Analytical.Grasshopper.Revit/Component/RevitSAMAnalyticalByType.cs,983b8384-71c3-4243-b93b-e63400311864,component,,False,SAM_Revit,Resources,object,import,False,,SAM,SAM,override,,object_import,SAM_GH_ObjectImport,svg/object_import.svg,integrated
RevitSAMAnalyticalByView,Revit.SAMAnalyticalByView,Revit.SAMAnalyticalByView,SAM,Revit,SAM.Analytical.Grasshopper.Revit,Grasshopper/SAM.Analytical.Grasshopper.Revit,Grasshopper/SAM.Analytical.Grasshopper.Revit/Component/RevitSAMAnalyticalByView.cs,e577a396-9908-412a-9a36-a02a1d8a3f04,component,GH_Exposure.secondary,False,SAM_Revit,Resources,object,import,False,,SAM,SAM,override,,object_import,SAM_GH_ObjectImport,svg/object_import.svg,integrated
RevitAlignWalls,Revit.AlignWalls,Revit.AlignWalls,SAM,Revit,SAM.Analytical.Grasshopper.Revit,Grasshopper/SAM.Analytical.Grasshopper.Revit,Grasshopper/SAM.Analytical.Grasshopper.Revit/Component/RevitAlignWalls.cs,40eea184-d5f1-45f3-a4cc-45e11ff510fb,component,,False,SAM_Revit,Resources,panel,align,True,,SAM,SAM,override,,panel_plural_align,SAM_GH_PanelPluralAlign,svg/panel_plural_align.svg,integrated
SAMAnalyticalPanelsByBoundaries,SAMAnalytical.PanelsByBoundaries,SAMAnalytical.PanelsByBoundaries,SAM,Revit,SAM.Analytical.Grasshopper.Revit,Grasshopper/SAM.Analytical.Grasshopper.Revit,Grasshopper/SAM.Analytical.Grasshopper.Revit/Component/SAMAnalyticalPanelsByBoundaries.cs,fcd537c9-0a80-472c-bc64-07f11c9aa879,component,,False,SAM_Revit,Resources,panel,create,True,,SAM,SAM,override,,panel_plural_create,SAM_GH_PanelPluralCreate,svg/panel_plural_create.svg,integrated
SAMAnalyticalPanelRevit,SAMAnalytical.PanelRevit,SAMAnalytical.PanelRevit,SAM,Revit,SAM.Analytical.Grasshopper.Revit,Grasshopper/SAM.Analytical.Grasshopper.Revit,Grasshopper/SAM.Analytical.Grasshopper.Revit/Component/SAMAnalyticalPanelRevit.cs,222e0a64-9514-47d3-98ac-72e95124841d,component,,False,SAM_Revit,Resources,panel,export,False,,SAM,SAM,override,,panel_export,SAM_GH_PanelExport,svg/panel_export.svg,integrated
SAMAnalyticalTrimOrExtendWall,SAMAnalytical.TrimOrExtendWall,SAMAnalytical.TrimOrExtendWall,SAM,Revit,SAM.Analytical.Grasshopper.Revit,Grasshopper/SAM.Analytical.Grasshopper.Revit,Grasshopper/SAM.Analytical.Grasshopper.Revit/Component/SAMAnalyticalTrimOrExtendWall.cs,e237e813-ed88-483d-8124-3bb5551b7103,component,,False,SAM_Revit,Resources,panel,extend,False,,SAM,SAM,override,,panel_extend,SAM_GH_PanelExtend,svg/panel_extend.svg,integrated
RevitSAMFloorsAndRoofsFromSpaces,Revit.FloorsAndRoofsFromSpaces,Revit.FloorsAndRoofsFromSpaces,SAM,Revit,SAM.Analytical.Grasshopper.Revit,Grasshopper/SAM.Analytical.Grasshopper.Revit,Grasshopper/SAM.Analytical.Grasshopper.Revit/Component/RevitSAMFloorsAndRoofsFromSpaces.cs,90e18255-7b5e-4154-8f8c-615b62be273b,component,,False,SAM_Revit,Resources,panel,get,True,,SAM,SAM,override,,panel_plural_get,SAM_GH_PanelPluralGet,svg/panel_plural_get.svg,integrated
RevitSAMPanelsFromSpaces,Revit.PanelsFromSpaces,Revit.PanelsFromSpaces,SAM,Revit,SAM.Analytical.Grasshopper.Revit,Grasshopper/SAM.Analytical.Grasshopper.Revit,Grasshopper/SAM.Analytical.Grasshopper.Revit/Component/RevitSAMPanelsFromSpaces.cs,ed3d4ef2-833d-40ce-9ad4-f20011ffac7e,component,,False,SAM_Revit,Resources,panel,get,True,,SAM,SAM,override,,panel_plural_get,SAM_GH_PanelPluralGet,svg/panel_plural_get.svg,integrated
RevitSAMPanelsByCurtainWall,Revit.PanelsByCurtainWall,Revit.PanelsByCurtainWall,SAM,Revit,SAM.Analytical.Grasshopper.Revit,Grasshopper/SAM.Analytical.Grasshopper.Revit,Grasshopper/SAM.Analytical.Grasshopper.Revit/Component/RevitSAMPanelsByCurtainWall.cs,7a1e91e5-24f2-48f7-ae6c-b98438c6fbbd,component,,False,SAM_Revit,Resources,panel,import,True,,SAM,SAM,override,,panel_plural_import,SAM_GH_PanelPluralImport,svg/panel_plural_import.svg,integrated
RevitOverlapWalls,Revit.OverlapWalls,Revit.OverlapWalls,SAM,Revit,SAM.Analytical.Grasshopper.Revit,Grasshopper/SAM.Analytical.Grasshopper.Revit,Grasshopper/SAM.Analytical.Grasshopper.Revit/Component/RevitOverlapWalls.cs,bd72b694-f2a5-4dd7-ba36-e37d619fe374,component,,False,SAM_Revit,Resources,panel,intersect,False,,SAM,SAM,override,,panel_intersect,SAM_GH_PanelIntersect,svg/panel_intersect.svg,integrated
SAMAnalyticalUpdatePanelType,SAMAnalytical.UpdatePanelType,SAManalytical.UpdatePanelType,SAM,Revit,SAM.Analytical.Grasshopper.Revit,Grasshopper/SAM.Analytical.Grasshopper.Revit,Grasshopper/SAM.Analytical.Grasshopper.Revit/Component/SAMAnalyticalUpdatePanelType.cs,1a975cf1-1df0-4e14-9d52-c900e8d569f8,component,,False,SAM_Revit,Resources,panel,update,False,,SAM,SAM,rule,,panel_update,SAM_GH_PanelUpdate,svg/panel_update.svg,integrated
SAMAnalyticalResultRevit,SAMAnalytical.ResultsRevit,SAMAnalytical.ResultsRevit,SAM,Revit,SAM.Analytical.Grasshopper.Revit,Grasshopper/SAM.Analytical.Grasshopper.Revit,Grasshopper/SAM.Analytical.Grasshopper.Revit/Component/SAMAnalyticalResultRevit.cs,d2166aa7-0a8c-4270-b6f5-eb57e83fb356,component,,False,SAM_Revit,Resources,result,export,False,,SAM,SAM,override,,result_export,SAM_GH_ResultExport,svg/result_export.svg,integrated
SAMAnalyticalTool,SAMAnalytical.Tool,SAMAnalytical.Tool,SAM,Analytical,SAM.Analytical.Grasshopper.Revit,Grasshopper/SAM.Analytical.Grasshopper.Revit,Grasshopper/SAM.Analytical.Grasshopper.Revit/Component/SAMAnalyticalTool.cs,fe588099-76ef-411d-8b49-3a0392bd074f,component,,False,SAM_Revit,Resources,settings,value,False,,SAM,SAM,override,analytical tool,settings_value,SAM_GH_SettingsValue,svg/settings_value.svg,integrated
SAMAnalyticalShellsBySpaces,SAMAnalytical.ShellsBySpaces,SAMAnalytical.ShellsBySpaces,SAM,Revit,SAM.Analytical.Grasshopper.Revit,Grasshopper/SAM.Analytical.Grasshopper.Revit,Grasshopper/SAM.Analytical.Grasshopper.Revit/Component/SAMAnalyticalShellsBySpaces.cs,352f8762-3aba-43b8-9bfc-d1024cedafd1,component,,False,SAM_Revit,Resources,shell,get,True,,SAM,SAM,override,,shell_plural_get,SAM_GH_ShellPluralGet,svg/shell_plural_get.svg,integrated
SAMAnalyticalSpaceRevit,SAMAnalytical.SpaceRevit,SAMAnalytical.SpaceRevit,SAM,Revit,SAM.Analytical.Grasshopper.Revit,Grasshopper/SAM.Analytical.Grasshopper.Revit,Grasshopper/SAM.Analytical.Grasshopper.Revit/Component/SAMAnalyticalSpaceRevit.cs,54ddeae2-2245-424e-9aa3-c1a5c30a2052,component,,False,SAM_Revit,Resources,space,export,False,,SAM,SAM,override,,space_export,SAM_GH_SpaceExport,svg/space_export.svg,integrated
RevitSpaceSnapUpperLimit,Revit.SpaceSnapUpperLimit,Revit.SpaceSnapUpperLimit,SAM,Revit,SAM.Analytical.Grasshopper.Revit,Grasshopper/SAM.Analytical.Grasshopper.Revit,Grasshopper/SAM.Analytical.Grasshopper.Revit/Component/RevitSpaceSnapUpperLimit.cs,5f99e864-b6a3-4958-bf34-f709dd24532b,component,,False,SAM_Revit,Resources,space,snap,False,,SAM,SAM,override,,space_snap,SAM_GH_SpaceSnap,svg/space_snap.svg,integrated
RevitRenumberSpaces,Revit.RenumberSpaces,Revit.RenumberSpaces,SAM,Revit,SAM.Analytical.Grasshopper.Revit,Grasshopper/SAM.Analytical.Grasshopper.Revit,Grasshopper/SAM.Analytical.Grasshopper.Revit/Component/RevitRenumberSpaces.cs,d7c1384b-486d-45b2-ace0-b09deca6d14e,component,,False,SAM_Revit,Resources,space,sort,True,,SAM,SAM,override,,space_plural_sort,SAM_GH_SpacePluralSort,svg/space_plural_sort.svg,integrated
SAMAnalyticalDuplicateType,SAMAnalytical.DuplicateType,SAManalytical.DuplicateType,SAM,Revit,SAM.Analytical.Grasshopper.Revit,Grasshopper/SAM.Analytical.Grasshopper.Revit,Grasshopper/SAM.Analytical.Grasshopper.Revit/Component/SAMAnalyticalDuplicateType.cs,7af06904-abe4-4b64-957a-28adfad8a124,component,,False,SAM_Revit,Resources,type,copy,False,,SAM,SAM,rule,,type_copy,SAM_GH_TypeCopy,svg/type_copy.svg,integrated
SAMAnalyticalCopyParameters,SAMAnalytical.CopyParameters,SAMAnalytical.CopyParameters,SAM,Revit,SAM.Analytical.Grasshopper.Revit,Grasshopper/SAM.Analytical.Grasshopper.Revit,Grasshopper/SAM.Analytical.Grasshopper.Revit/Component/SAMAnalyticalCopyParameters.cs,722a9210-b00c-405c-86c0-0c8047405bb7,component,,False,SAM_Revit,Resources,value,copy,False,,SAM,SAM,rule,,value_copy,SAM_GH_ValueCopy,svg/value_copy.svg,integrated
SAMAnalyticalUpdateParameters,SAMAnalytical.UpdateParameters,SAMAnalytical.UpdateParameters,SAM,Revit,SAM.Analytical.Grasshopper.Revit,Grasshopper/SAM.Analytical.Grasshopper.Revit,Grasshopper/SAM.Analytical.Grasshopper.Revit/Component/SAMAnalyticalUpdateParameters.cs,a4772fdd-828c-4d2e-8cc9-3b446eb17563,component,,False,SAM_Revit,Resources,value,update,False,,SAM,SAM,rule,,value_update,SAM_GH_ValueUpdate,svg/value_update.svg,integrated
RevitDuplicatePlanView,Revit.DuplicatePlanView,Revit.DuplicatePlanView,SAM,Revit,SAM.Analytical.Grasshopper.Revit,Grasshopper/SAM.Analytical.Grasshopper.Revit,Grasshopper/SAM.Analytical.Grasshopper.Revit/Component/RevitDuplicatePlanView.cs,f4e701fd-37e2-430d-9b7f-4315476854db,component,,False,SAM_Revit,Resources,view,copy,False,,SAM-BIM ext v1,SAM,rule,,view_copy,SAM_GH_ViewCopy,svg/view_copy.svg,integrated
SAMAnalyticalMapZones,SAMAnalytical.MapZones,SAMAnalytical.MapZones,SAM,Revit,SAM.Analytical.Grasshopper.Revit,Grasshopper/SAM.Analytical.Grasshopper.Revit,Grasshopper/SAM.Analytical.Grasshopper.Revit/Component/SAMAnalyticalMapZones.cs,b38d7716-7682-4f6f-b2ba-ae984a96f61e,component,GH_Exposure.tertiary | GH_Exposure.obscure,False,SAM_Revit,Resources,zone,update,True,,SAM,SAM,rule,,zone_plural_update,SAM_GH_ZonePluralUpdate,svg/zone_plural_update.svg,integrated
SAMLevelRevit,SAMLevel.Revit,SAMLevel.Revit,SAM,Revit,SAM.Architectural.Grasshopper.Revit,Grasshopper/SAM.Architectural.Grasshopper.Revit,Grasshopper/SAM.Architectural.Grasshopper.Revit/Component/SAMLevelRevit.cs,b09e4a6e-8dc8-4e0a-8b8f-92e3ccaa8977,component,,False,SAM_Architectural,Resources,level,export,False,,SAM,SAM,override,,level_export,SAM_GH_LevelExport,svg/level_export.svg,integrated
SAMArchitecturalLevelDispatchExisting,SAMArchitectural.LevelDispatchExisting,SAMArchitectural.LevelDispatchExisting,SAM,Architectural,SAM.Architectural.Grasshopper.Revit,Grasshopper/SAM.Architectural.Grasshopper.Revit,Grasshopper/SAM.Architectural.Grasshopper.Revit/Component/SAMArchitecturalLevelDispatchExisting.cs,b083ef49-1dec-4497-ac65-c4f63659ed83,component,,False,SAM_Architectural,Resources,level,filter,False,,SAM,SAM,override,,level_filter,SAM_GH_LevelFilter,svg/level_filter.svg,integrated
SAMArchitecturalLevelInformation,SAMArchitectural.LevelInformation,SAMCore.LevelInformation,SAM,Architectural,SAM.Architectural.Grasshopper.Revit,Grasshopper/SAM.Architectural.Grasshopper.Revit,Grasshopper/SAM.Architectural.Grasshopper.Revit/Component/SAMArchitecturalLevelInformation.cs,b72abb0f-6672-41e8-987b-d63fe9eaf7b9,component,,False,SAM_Architectural,Resources,level,get,False,,SAM,SAM,override,,level_get,SAM_GH_LevelGet,svg/level_get.svg,integrated
RevitSAMCoreDesignOption,Revit.SAMCoreDesignOption,Revit.SAMCoreDesignOption,SAM WIP,Revit,SAM.Core.Grasshopper.Revit,Grasshopper/SAM.Core.Grasshopper.Revit,Grasshopper/SAM.Core.Grasshopper.Revit/Component/RevitSAMCoreDesignOption.cs,5c4f8938-77c1-4d9c-8f19-d46ac1d6f70f,component,,False,SAM_Revit,Resources,case,get,False,,SAM,SAM,override,design option = model variant,case_get,SAM_GH_CaseGet,svg/case_get.svg,integrated
SAMCoreTagElements,SAMCore.TagElements,SAMCore.TagElements,SAM,Revit,SAM.Core.Grasshopper.Revit,Grasshopper/SAM.Core.Grasshopper.Revit,Grasshopper/SAM.Core.Grasshopper.Revit/Component/SAMCoreTagElements.cs,a69e2526-e01f-4fd1-b517-bfc52f83db9d,component,,False,SAM_Revit,Resources,element,display,False,,SAM-BIM ext v1,SAM,rule,,element_display,SAM_GH_ElementDisplay,svg/element_display.svg,integrated
SAMCoreFilterByElementIds,SAMCore.FilterByElementIds,SAMCore.FilterByElementIds,SAM,Revit,SAM.Core.Grasshopper.Revit,Grasshopper/SAM.Core.Grasshopper.Revit,Grasshopper/SAM.Core.Grasshopper.Revit/Component/SAMCoreFilterByElementIds.cs,2eda1e16-2640-4da1-8557-6a74975bdaa6,component,,False,SAM_Revit,Resources,element,filter,False,,SAM-BIM ext v1,SAM,rule,,element_filter,SAM_GH_ElementFilter,svg/element_filter.svg,integrated
SAMCoreElementsByScopeBox,SAMCore.ElementsByScopeBox,SAMCore.ElementsByScopeBox,SAM,Revit,SAM.Core.Grasshopper.Revit,Grasshopper/SAM.Core.Grasshopper.Revit,Grasshopper/SAM.Core.Grasshopper.Revit/Component/SAMCoreElementsByScopeBox.cs,172b87f6-8b7c-444b-be49-dc7b7057a77e,component,,False,SAM_Revit,Resources,element,get,False,,SAM-BIM ext v1,SAM,override,,element_get,SAM_GH_ElementGet,svg/element_get.svg,integrated
SAMCoreDuplicatedElementIds,SAMCore.DuplicatedElementIds,SAMCore.DuplicatedElementIds,SAM,Revit,SAM.Core.Grasshopper.Revit,Grasshopper/SAM.Core.Grasshopper.Revit,Grasshopper/SAM.Core.Grasshopper.Revit/Component/SAMCoreDuplicatedElementIds.cs,1c0aa12e-ffbc-434b-833a-dc157c589b4d,component,,False,SAM_Revit,Resources,element,inspect,False,,SAM-BIM ext v1,SAM,override,,element_inspect,SAM_GH_ElementInspect,svg/element_inspect.svg,integrated
SAMCoreDuplicatedUniqueIds,SAMCore.DuplicatedUniqueIds,SAMCore.DuplicatedUniqueIds,SAM,Revit,SAM.Core.Grasshopper.Revit,Grasshopper/SAM.Core.Grasshopper.Revit,Grasshopper/SAM.Core.Grasshopper.Revit/Component/SAMCoreDuplicatedUniqueIds.cs,8e7b22ef-9341-41ab-8165-16ce485b7f63,component,,False,SAM_Revit,Resources,element,inspect,False,,SAM-BIM ext v1,SAM,override,,element_inspect,SAM_GH_ElementInspect,svg/element_inspect.svg,integrated
SAMCoreDeleteElement,SAMCore.DeleteElement,SAMCore.DeleteElement,SAM,Revit,SAM.Core.Grasshopper.Revit,Grasshopper/SAM.Core.Grasshopper.Revit,Grasshopper/SAM.Core.Grasshopper.Revit/Component/SAMCoreDeleteElement.cs,6578f2cc-e0b5-4e79-bc27-631e7a9e7a00,component,,False,SAM_Revit,Resources,element,remove,False,,SAM-BIM ext v1,SAM,rule,,element_remove,SAM_GH_ElementRemove,svg/element_remove.svg,integrated
SAMCoreGetLocation,SAMCore.GetLocation,SAMCore.GetLocation,SAM,Revit,SAM.Core.Grasshopper.Revit,Grasshopper/SAM.Core.Grasshopper.Revit,Grasshopper/SAM.Core.Grasshopper.Revit/Component/SAMCoreGetLocation.cs,348836ad-6a12-48fc-91ad-f939a8ebda6a,component,,False,SAM_Revit,Resources,location,get,False,,SAM,SAM,rule,,location_get,SAM_GH_LocationGet,svg/location_get.svg,integrated
SAMCoreGetWalls,SAMCore.GetWalls,SAMCore.GetWalls,SAM,Revit,SAM.Core.Grasshopper.Revit,Grasshopper/SAM.Core.Grasshopper.Revit,Grasshopper/SAM.Core.Grasshopper.Revit/Component/SAMCoreGetWalls.cs,8fc5308e-45c4-410c-ae04-5b3f2563ab9e,component,,False,SAM_Revit,Resources,panel,get,True,,SAM,SAM,override,,panel_plural_get,SAM_GH_PanelPluralGet,svg/panel_plural_get.svg,integrated
SAMCoreWallKind,SAMCore.WallKind,SAM.Core.WallKind,SAM,Revit,SAM.Core.Grasshopper.Revit,Grasshopper/SAM.Core.Grasshopper.Revit,Grasshopper/SAM.Core.Grasshopper.Revit/Component/SAMCoreWallKind.cs,53ad4c77-28be-47fa-8c9c-c2246ff05eef,component,,False,SAM_Revit,Resources,panel,value,False,,SAM,SAM,override,,panel_value,SAM_GH_PanelValue,svg/panel_value.svg,integrated
GooConvertSettingsParam,{typeof(GooConvertSettings).Name},{typeof(GooConvertSettings).Name},Params,SAM,SAM.Core.Grasshopper.Revit,Grasshopper/SAM.Core.Grasshopper.Revit,Grasshopper/SAM.Core.Grasshopper.Revit/Classes/GooConvertSettings.cs,5af7e0dc-8d0c-4d51-8c85-6f2795c2fc37,param,,False,SAM_Small,Resources,settings,,False,,SAM,,param:ConvertSettings,,settings,SAM_GH_Settings,svg/settings.svg,integrated
SAMCoreCreateConvertSettings,SAMCore.CreateConvertSettings,SAMCore.CreateConvertSettings,SAM WIP,Revit,SAM.Core.Grasshopper.Revit,Grasshopper/SAM.Core.Grasshopper.Revit,Grasshopper/SAM.Core.Grasshopper.Revit/Component/SAMCoreConvertSettings.cs,da750879-e8e0-446d-ab7d-a705358ce304,component,,False,SAM_Revit,Resources,settings,create,False,,SAM,SAM,rule,,settings_create,SAM_GH_SettingsCreate,svg/settings_create.svg,integrated
RevitCopyRooms,Revit.CopyRooms,Revit.CopyRooms,SAM,Revit,SAM.Core.Grasshopper.Revit,Grasshopper/SAM.Core.Grasshopper.Revit,Grasshopper/SAM.Core.Grasshopper.Revit/Component/RevitCopyRooms.cs,d8c677d9-ecaa-41de-b33a-e63b46be710f,component,,False,SAM_Revit,Resources,space,copy,True,,SAM,SAM,rule,,space_plural_copy,SAM_GH_SpacePluralCopy,svg/space_plural_copy.svg,integrated
SAMCoreTagSpaces,SAMCore.TagSpaces,SAMCore.TagSpaces,SAM,Revit,SAM.Core.Grasshopper.Revit,Grasshopper/SAM.Core.Grasshopper.Revit,Grasshopper/SAM.Core.Grasshopper.Revit/Component/SAMCoreTagSpaces.cs,da328efa-7bbb-48b6-b12a-cd0a4f3c98bc,component,,False,SAM_Revit,Resources,space,display,True,,SAM,SAM,rule,,space_plural_display,SAM_GH_SpacePluralDisplay,svg/space_plural_display.svg,integrated
SAMCoreRenameSpaces,SAMCore.RenameSpaces,SAMCore.RenameSpaces,SAM,Revit,SAM.Core.Grasshopper.Revit,Grasshopper/SAM.Core.Grasshopper.Revit,Grasshopper/SAM.Core.Grasshopper.Revit/Component/SAMCoreRenameSpaces.cs,4c499172-736e-4a58-9898-50237b2f48aa,component,,False,SAM_Revit,Resources,space,modify,True,,SAM,SAM,rule,,space_plural_modify,SAM_GH_SpacePluralModify,svg/space_plural_modify.svg,integrated
SAMCoreIsPlaced,SAMCore.IsPlaced,SAMCore.IsPlaced,SAM WIP,Revit,SAM.Core.Grasshopper.Revit,Grasshopper/SAM.Core.Grasshopper.Revit,Grasshopper/SAM.Core.Grasshopper.Revit/Component/SAMCoreIsPlaced.cs,b6256752-1d68-42ef-b6db-ca4802471ef6,component,GH_Exposure.primary,False,SAM_Revit,Resources,type,validate,False,,SAM,SAM,override,,type_validate,SAM_GH_TypeValidate,svg/type_validate.svg,integrated
RevitUpdateParameters,Revit.UpdateParameters,Revit.UpdateParameters,SAM WIP,Revit,SAM.Core.Grasshopper.Revit,Grasshopper/SAM.Core.Grasshopper.Revit,Grasshopper/SAM.Core.Grasshopper.Revit/Component/RevitUpdateParameters.cs,f26231fc-2db8-4927-ad62-1a6a2bd813a7,component,,False,SAM_Revit,Resources,value,update,False,,SAM,SAM,rule,,value_update,SAM_GH_ValueUpdate,svg/value_update.svg,integrated
SAMCoreDuplicateViewsByTemplateName,SAMCore.DuplicateViewsByTemplateName,SAMCore.DuplicateViewsByTemplateName,SAM,Revit,SAM.Core.Grasshopper.Revit,Grasshopper/SAM.Core.Grasshopper.Revit,Grasshopper/SAM.Core.Grasshopper.Revit/Component/SAMCoreDuplicateViewsByTemplateName.cs,33a15bff-cae9-45f6-8f06-b73da0bbc844,component,,False,SAM_Revit,Resources,view,copy,False,,SAM-BIM ext v1,SAM,rule,,view_copy,SAM_GH_ViewCopy,svg/view_copy.svg,integrated
SAMCoreCreateSheets,SAMCore.CreateSheets,SAMCore.CreateSheets,SAM,Revit,SAM.Core.Grasshopper.Revit,Grasshopper/SAM.Core.Grasshopper.Revit,Grasshopper/SAM.Core.Grasshopper.Revit/Component/SAMCoreCreateSheets.cs,65f51465-a92c-4c08-8308-01f0c542447d,component,,False,SAM_Revit,Resources,view,create,False,,SAM-BIM ext v1,SAM,rule,,view_create,SAM_GH_ViewCreate,svg/view_create.svg,integrated
SAMCoreDeleteViewsByTemplateName,SAMCore.DeleteViewsByTemplateName,SAMCore.DeleteViewsByTemplateName,SAM,Revit,SAM.Core.Grasshopper.Revit,Grasshopper/SAM.Core.Grasshopper.Revit,Grasshopper/SAM.Core.Grasshopper.Revit/Component/SAMCoreDeleteViewsByTemplateName.cs,5af69201-8ab1-4587-b97e-34201d42c216,component,,False,SAM_Revit,Resources,view,remove,False,,SAM-BIM ext v1,SAM,rule,,view_remove,SAM_GH_ViewRemove,svg/view_remove.svg,integrated
SAMCoreViewType,SAMCore.ViewType,SAM.Core.ViewType,SAM,Revit,SAM.Core.Grasshopper.Revit,Grasshopper/SAM.Core.Grasshopper.Revit,Grasshopper/SAM.Core.Grasshopper.Revit/Component/SAMCoreViewType.cs,c54e1b39-0282-4865-a0c5-bdd88f600303,component,,False,SAM_Revit,Resources,view,value,False,,SAM-BIM ext v1,SAM,rule,,view_value,SAM_GH_ViewValue,svg/view_value.svg,integrated
